country,lo,mid,hi,n
Portugal,0.023900001049041747,-0.011299999952316285,-0.012599999904632569,1.0
Ireland,0.06190000057220459,-0.05469999790191651,-0.007200000286102295,2.0
Finland,0.0665999984741211,-0.06539999961853027,-0.0011999999731779098,3.0
Norway,0.04960000038146973,-0.06519999980926514,0.015700000524520873,4.0
Netherlands,0.022699999809265136,-0.046799998283386234,0.024100000858306884,5.0
Greece,0.0175,-0.060799999237060545,0.043400001525878903,6.0
UK,0.057699999809265136,-0.10319999694824218,0.04550000190734863,7.0
Sweden,0.01909999966621399,-0.06960000038146973,0.050399999618530276,8.0
Germany,0.030399999618530273,-0.08720000267028809,0.056700000762939455,9.0
Spain,0.009599999785423278,-0.07039999961853027,0.06070000171661377,10.0
Belgium,0.014800000190734863,-0.095,0.08029999732971191,11.0
Denmark,-0.009599999785423278,-0.07159999847412109,0.08130000114440918,12.0
Luxembourg,-0.01659999966621399,-0.08449999809265137,0.10100000381469726,13.0
France,-0.007400000095367431,-0.12069999694824218,0.128100004196167,14.0
Austria,-0.005899999737739563,-0.14579999923706055,0.15170000076293946,15.0
Italy,-0.08199999809265136,-0.09079999923706054,0.17280000686645508,16.0
EU Average,0.015800000429153443,-0.07769999980926513,0.06190000057220459,17.0
USA,0.019299999475479127,-0.061999998092651366,0.042699999809265136,18.0
