change_100x_share,percentile
0.24149802432278122,1
0.21697766807373445,2
0.19161363396190315,3
0.16606790072362773,4
0.14101041872963957,5
0.11702978671507014,6
0.09454647267120012,7
0.07377222375484019,8
0.05475164730586622,9
0.037426387190022975,10
0.021658086054218758,11
0.007301284768462783,12
-0.00580062844016066,13
-0.017820815248056236,14
-0.028922769968876758,15
-0.03920260932711433,16
-0.04868182842055051,17
-0.05734843406455608,18
-0.06519011919273315,19
-0.0721994340572203,20
-0.07834545847596708,21
-0.08359980697835045,22
-0.08795459530502876,23
-0.09143034326243724,24
-0.09406986709534203,25
-0.09594725466069828,26
-0.09713447343202497,27
-0.0976973828762656,28
-0.09771924803325578,29
-0.0972899029934202,30
-0.09649168046727327,31
-0.09535940137332144,32
-0.09389616999047319,33
-0.09209015160757543,34
-0.0899148218908909,35
-0.08734981738976207,36
-0.08438536357896155,37
-0.08103242850854861,38
-0.07730116551505875,39
-0.07315908567704955,40
-0.06859698865522121,41
-0.06362629811911988,42
-0.05826568080107863,43
-0.05259881070464388,44
-0.04675095780292685,45
-0.04083791596903997,46
-0.0349357073929251,47
-0.029102427487778897,48
-0.023389121504080117,49
-0.017847234898120335,50
-0.012520775688458762,51
-0.007446235786969905,52
-0.002670488019850244,53
0.0017515673823977308,54
0.0057873000706195055,55
0.009435964643140709,56
0.012725857070695446,57
0.015678947916013337,58
0.018318665405269677,59
0.020664666060087544,60
0.022737515997412614,61
0.024588781911127008,62
0.026328147768481254,63
0.028063136122097203,64
0.029862087999739505,65
0.03176323043487877,66
0.03377775759719489,67
0.03589809654749492,68
0.038084692954729424,69
0.04027401230224037,70
0.0424121986098286,71
0.04443341810728258,72
0.0462696143401701,73
0.047894548915237055,74
0.049333247527840685,75
0.05064617507377296,76
0.05191856128322957,77
0.05327577810194369,78
0.054859122261119886,79
0.05680311492312585,80
0.05923717707485882,81
0.06228549552227918,82
0.06605189306234102,83
0.07060134195402677,84
0.07596136426734933,85
0.08211529598155184,86
0.08902547148320923,87
0.09667483356115424,88
0.10507904200623308,89
0.11425637709174004,90
0.12421666273281115,91
0.13498789073120912,92
0.14667628415888292,93
0.15950917628002,94
0.17369233278474144,95
0.18942998698801405,96
0.2069502541296874,97
0.2265186785136696,98
0.2483613599845526,99
0.2727479499544638,100
