exper,incwage,log_wage,obs_count
0,15395.7334207,9.02084445953,45810
1,23291.075485,9.47501087189,38299
2,32222.9349062,9.92849349976,35011
3,39664.0516029,10.1820440292,33409
4,45723.9185141,10.3604125977,31711
5,50716.0861884,10.4806861877,31698
6,54809.5803847,10.5593767166,31710
7,59459.5088678,10.651804924,31124
8,62202.6627663,10.6920843124,31450
9,65991.8597858,10.7325677872,31837
10,67722.8228536,10.7593955994,32380
11,70784.0785536,10.7946577072,32411
12,71560.945568,10.7933034897,32683
13,75309.7610369,10.8347892761,32097
14,75966.0062927,10.8499364853,31783
15,77174.6000507,10.8524036407,31554
16,79862.1157419,10.8855466843,31000
17,81825.2506914,10.9060878754,30735
18,82844.3458774,10.9179821014,30745
19,83214.7506827,10.9243993759,30026
20,83305.0494428,10.9261665344,29610
21,84952.1231192,10.9436378479,29110
22,83955.0047504,10.929104805,29050
23,85406.966811,10.9391136169,28413
24,85267.416573,10.9430360794,28480
25,87124.1918561,10.9611854553,28021
26,87030.9109528,10.9690408707,27929
27,87691.8946914,10.9736595154,27804
28,88192.9364951,10.9839191437,28549
29,89278.8889125,10.9865474701,28185
30,87877.1060781,10.9857263565,28611
31,86888.1926818,10.9701290131,28067
32,84199.5021593,10.9479255676,28945
33,82937.8945293,10.9312181473,28406
34,83968.1126691,10.9338092804,28313
35,82112.2370592,10.913230896,28128
36,81205.386467,10.9036140442,27917
37,80808.818354,10.8974142075,27983
38,78945.9382215,10.8676929474,28068
39,76518.6061127,10.8373746872,27909
40,73373.3914352,10.7932987213,27251
41,68304.8861827,10.7458400726,25620
42,63979.511941,10.6960220337,22653
43,61362.2307032,10.6426401138,20962
44,54947.1080399,10.5662651062,15846
45,54009.033395,10.5307378769,14583
46,50168.6289154,10.4535055161,8971
47,47638.1046566,10.3845720291,6421
48,41018.583691,10.2630310059,932
49,41112.7527216,10.2698507309,643
50,40531.8126273,10.2195129395,491
51,35146.4766839,10.1411008835,386
52,34638.2608696,10.1665077209,230
53,36882.2222222,10.2787246704,225
54,32811.496063,10.1672906876,127
55,37459.7014925,10.1789102554,67
56,41116.1290323,10.2380485535,62
57,34835.2941176,10.3072061539,34
58,40469.2307692,10.4383707047,13
59,46462.5,10.6727895737,8
