edu_yrs,incwage,log_wage,obs_count
0,45001.2454212,10.2750778198,546
1,36508.3003953,10.2734336853,253
2,35088.7695312,10.2090625763,512
3,34382.4263261,10.1752548218,1018
4,35524.191601,10.2143192291,762
5,35905.074184,10.2190189362,1348
6,36322.1850594,10.2429714203,5890
7,36692.0804525,10.1921472549,1591
8,41191.7893756,10.2712526321,5365
9,37384.465537,10.2089223862,7849
10,38979.7183424,10.1671609879,8663
11,30869.0409205,9.73248672485,14687
12,43626.7004258,10.3060979843,343848
13,49388.8520044,10.3936815262,92746
14,52353.0418858,10.4627809525,311418
16,87883.9509535,11.0047655106,349505
18,107680.988131,11.2530107498,161428
19,177786.528203,11.6500272751,35191
20,136975.833692,11.5000400543,27876
