edcat,year,mean_log_wage,change
1.0,1963.0,6.3807545,0.0
1.0,1964.0,6.421236,0.040481567
1.0,1965.0,6.440377,0.059622765
1.0,1966.0,6.4638734,0.083118916
1.0,1967.0,6.481343,0.10058832
1.0,1968.0,6.530033,0.14927864
1.0,1969.0,6.5785165,0.19776201
1.0,1970.0,6.5972886,0.21653414
1.0,1971.0,6.5810857,0.20033121
1.0,1972.0,6.6115746,0.23082018
1.0,1973.0,6.6473885,0.266634
1.0,1974.0,6.64946,0.26870537
1.0,1975.0,6.611414,0.23065948
1.0,1976.0,6.6129856,0.23223114
1.0,1977.0,6.618716,0.23796129
1.0,1978.0,6.628768,0.2480135
1.0,1979.0,6.6499386,0.2691841
1.0,1980.0,6.6320477,0.25129318
1.0,1981.0,6.5893874,0.20863295
1.0,1982.0,6.545119,0.16436434
1.0,1983.0,6.503836,0.123081684
1.0,1984.0,6.497666,0.11691141
1.0,1985.0,6.486342,0.10558748
1.0,1986.0,6.479768,0.09901333
1.0,1987.0,6.4925337,0.11177921
1.0,1988.0,6.4898853,0.10913086
1.0,1989.0,6.475662,0.09490776
1.0,1990.0,6.4299994,0.04924488
1.0,1991.0,6.3791323,-0.0016222
1.0,1992.0,6.355132,-0.025622368
1.0,1993.0,6.3455653,-0.03518915
1.0,1994.0,6.358655,-0.022099495
1.0,1995.0,6.340033,-0.040721416
1.0,1996.0,6.331119,-0.04963541
1.0,1997.0,6.3583894,-0.022365093
1.0,1998.0,6.3605185,-0.020236015
1.0,1999.0,6.38706,0.0063056946
1.0,2000.0,6.4121013,0.031346798
1.0,2001.0,6.389249,0.008494377
1.0,2002.0,6.400344,0.019589424
1.0,2003.0,6.402257,0.021502495
1.0,2004.0,6.388772,0.00801754
1.0,2005.0,6.411241,0.030486584
1.0,2006.0,6.3753343,-0.005420208
1.0,2007.0,6.371724,-0.009030342
1.0,2008.0,6.3764815,-0.004272938
1.0,2009.0,6.3611083,-0.019646168
1.0,2010.0,6.356727,-0.024027348
1.0,2011.0,6.3739476,-0.0068068504
1.0,2012.0,6.317703,-0.0630517
1.0,2013.0,6.338043,-0.042711258
1.0,2014.0,6.3725734,-0.008181095
1.0,2015.0,6.3670816,-0.013672829
1.0,2016.0,6.412686,0.0319314
1.0,2017.0,6.4459605,0.06520605
2.0,1963.0,6.5923033,0.0
2.0,1964.0,6.623098,0.03079462
2.0,1965.0,6.644958,0.052654743
2.0,1966.0,6.687863,0.0955596
2.0,1967.0,6.707946,0.11564255
2.0,1968.0,6.7571874,0.16488409
2.0,1969.0,6.80723,0.21492672
2.0,1970.0,6.8097663,0.21746302
2.0,1971.0,6.8014517,0.2091484
2.0,1972.0,6.8348413,0.24253798
2.0,1973.0,6.8664985,0.2741952
2.0,1974.0,6.873896,0.28159285
2.0,1975.0,6.8320827,0.23977947
2.0,1976.0,6.823691,0.23138762
2.0,1977.0,6.8486834,0.25638008
2.0,1978.0,6.855858,0.26355457
2.0,1979.0,6.8797994,0.2874961
2.0,1980.0,6.8626127,0.27030945
2.0,1981.0,6.8283963,0.23609304
2.0,1982.0,6.7903395,0.1980362
2.0,1983.0,6.7454414,0.15313816
2.0,1984.0,6.758882,0.16657877
2.0,1985.0,6.742312,0.15000868
2.0,1986.0,6.742011,0.1497078
2.0,1987.0,6.7510448,0.15874147
2.0,1988.0,6.748907,0.15660381
2.0,1989.0,6.741728,0.14942455
2.0,1990.0,6.703312,0.111008644
2.0,1991.0,6.6670127,0.074709415
2.0,1992.0,6.654318,0.06201458
2.0,1993.0,6.6424212,0.05011797
2.0,1994.0,6.640046,0.047742844
2.0,1995.0,6.642139,0.049835682
2.0,1996.0,6.65566,0.06335688
2.0,1997.0,6.666452,0.074148655
2.0,1998.0,6.678354,0.08605051
2.0,1999.0,6.70385,0.11154652
2.0,2000.0,6.723909,0.13160563
2.0,2001.0,6.702539,0.11023569
2.0,2002.0,6.70755,0.11524677
2.0,2003.0,6.7194767,0.12717342
2.0,2004.0,6.7004857,0.10818243
2.0,2005.0,6.6929073,0.10060406
2.0,2006.0,6.7000513,0.10774803
2.0,2007.0,6.7013025,0.10899925
2.0,2008.0,6.6986995,0.1063962
2.0,2009.0,6.6620417,0.06973839
2.0,2010.0,6.659297,0.06699371
2.0,2011.0,6.662368,0.070064545
2.0,2012.0,6.6475053,0.055202007
2.0,2013.0,6.6374655,0.0451622
2.0,2014.0,6.657869,0.065565586
2.0,2015.0,6.663233,0.07092953
2.0,2016.0,6.682845,0.09054184
2.0,2017.0,6.701762,0.10945892
3.0,1963.0,6.6999583,0.0
3.0,1964.0,6.7174,0.01744175
3.0,1965.0,6.7535224,0.05356407
3.0,1966.0,6.7777195,0.07776117
3.0,1967.0,6.8206534,0.120695114
3.0,1968.0,6.865465,0.16550684
3.0,1969.0,6.902837,0.20287848
3.0,1970.0,6.9275174,0.22755909
3.0,1971.0,6.911213,0.2112546
3.0,1972.0,6.938178,0.23821974
3.0,1973.0,6.970779,0.27082062
3.0,1974.0,6.9731965,0.27323818
3.0,1975.0,6.9282866,0.22832823
3.0,1976.0,6.9131083,0.21315002
3.0,1977.0,6.9223228,0.22236443
3.0,1978.0,6.9306927,0.23073435
3.0,1979.0,6.952871,0.25291252
3.0,1980.0,6.9550695,0.25511122
3.0,1981.0,6.9201546,0.22019625
3.0,1982.0,6.8804035,0.1804452
3.0,1983.0,6.856522,0.15656376
3.0,1984.0,6.8467703,0.14681196
3.0,1985.0,6.866911,0.16695261
3.0,1986.0,6.8682437,0.16828537
3.0,1987.0,6.861635,0.16167688
3.0,1988.0,6.8545375,0.15457916
3.0,1989.0,6.858028,0.15806961
3.0,1990.0,6.8395104,0.13955212
3.0,1991.0,6.8098054,0.10984707
3.0,1992.0,6.800736,0.100777626
3.0,1993.0,6.7772536,0.0772953
3.0,1994.0,6.7755218,0.07556343
3.0,1995.0,6.776631,0.076672554
3.0,1996.0,6.7926235,0.092665195
3.0,1997.0,6.82495,0.124991894
3.0,1998.0,6.8349543,0.13499594
3.0,1999.0,6.867918,0.16795969
3.0,2000.0,6.8772516,0.1772933
3.0,2001.0,6.8884583,0.18849993
3.0,2002.0,6.885439,0.1854806
3.0,2003.0,6.8754635,0.17550516
3.0,2004.0,6.8963084,0.1963501
3.0,2005.0,6.881604,0.18164587
3.0,2006.0,6.8685074,0.16854906
3.0,2007.0,6.873329,0.17337084
3.0,2008.0,6.87447,0.17451191
3.0,2009.0,6.863919,0.16396046
3.0,2010.0,6.8391385,0.13918018
3.0,2011.0,6.8505144,0.15055609
3.0,2012.0,6.8218145,0.12185621
3.0,2013.0,6.8096294,0.109671116
3.0,2014.0,6.8121676,0.11220932
3.0,2015.0,6.8240914,0.12413311
3.0,2016.0,6.841841,0.1418829
3.0,2017.0,6.8664455,0.16648722
4.0,1963.0,6.8938746,0.0
4.0,1964.0,6.928418,0.034543514
4.0,1965.0,6.9650335,0.071158886
4.0,1966.0,7.0219083,0.12803364
4.0,1967.0,7.0661907,0.17231607
4.0,1968.0,7.1201167,0.22624207
4.0,1969.0,7.17738,0.28350544
4.0,1970.0,7.174994,0.28111935
4.0,1971.0,7.1749015,0.28102684
4.0,1972.0,7.196681,0.30280638
4.0,1973.0,7.235684,0.34180927
4.0,1974.0,7.221026,0.3271513
4.0,1975.0,7.1732035,0.27932882
4.0,1976.0,7.157238,0.26336336
4.0,1977.0,7.1613226,0.26744795
4.0,1978.0,7.155818,0.26194334
4.0,1979.0,7.179179,0.28530455
4.0,1980.0,7.177738,0.28386354
4.0,1981.0,7.123047,0.22917223
4.0,1982.0,7.116699,0.22282457
4.0,1983.0,7.1211834,0.22730875
4.0,1984.0,7.1377406,0.24386597
4.0,1985.0,7.137798,0.24392319
4.0,1986.0,7.14584,0.25196552
4.0,1987.0,7.1490684,0.2551937
4.0,1988.0,7.166735,0.27286053
4.0,1989.0,7.1772842,0.2834096
4.0,1990.0,7.1490154,0.25514078
4.0,1991.0,7.128871,0.23499632
4.0,1992.0,7.118722,0.22484732
4.0,1993.0,7.124143,0.23026848
4.0,1994.0,7.11316,0.21928549
4.0,1995.0,7.11765,0.22377539
4.0,1996.0,7.1085687,0.21469402
4.0,1997.0,7.14259,0.2487154
4.0,1998.0,7.194659,0.3007846
4.0,1999.0,7.2317286,0.3378539
4.0,2000.0,7.2583275,0.36445284
4.0,2001.0,7.2560515,0.3621769
4.0,2002.0,7.25494,0.3610654
4.0,2003.0,7.2358007,0.3419261
4.0,2004.0,7.2415795,0.3477049
4.0,2005.0,7.253993,0.3601184
4.0,2006.0,7.2552366,0.36136198
4.0,2007.0,7.261473,0.36759853
4.0,2008.0,7.275354,0.38147926
4.0,2009.0,7.2343383,0.34046364
4.0,2010.0,7.2326913,0.33881664
4.0,2011.0,7.240287,0.34641218
4.0,2012.0,7.208347,0.3144722
4.0,2013.0,7.189652,0.29577732
4.0,2014.0,7.2274156,0.33354092
4.0,2015.0,7.2331185,0.3392439
4.0,2016.0,7.2521906,0.35831594
4.0,2017.0,7.2689805,0.37510586
5.0,1963.0,6.925239,0.0
5.0,1964.0,6.928808,0.0035691261
5.0,1965.0,7.0815926,0.15635347
5.0,1966.0,7.0908875,0.16564846
5.0,1967.0,7.1886806,0.26344156
5.0,1968.0,7.207898,0.28265905
5.0,1969.0,7.274946,0.34970713
5.0,1970.0,7.297924,0.37268496
5.0,1971.0,7.301999,0.37676
5.0,1972.0,7.312573,0.38733387
5.0,1973.0,7.3631544,0.43791533
5.0,1974.0,7.353598,0.42835903
5.0,1975.0,7.289222,0.36398268
5.0,1976.0,7.3021574,0.37691832
5.0,1977.0,7.3095794,0.3843403
5.0,1978.0,7.286758,0.36151886
5.0,1979.0,7.329992,0.40475273
5.0,1980.0,7.328792,0.403553
5.0,1981.0,7.2862377,0.36099863
5.0,1982.0,7.2829704,0.35773134
5.0,1983.0,7.269632,0.34439278
5.0,1984.0,7.301867,0.37662792
5.0,1985.0,7.330856,0.40561676
5.0,1986.0,7.317282,0.3920431
5.0,1987.0,7.3564076,0.43116856
5.0,1988.0,7.3408484,0.41560936
5.0,1989.0,7.3731856,0.44794655
5.0,1990.0,7.3449154,0.4196763
5.0,1991.0,7.3613896,0.43615055
5.0,1992.0,7.346513,0.4212737
5.0,1993.0,7.370461,0.4452219
5.0,1994.0,7.384555,0.45931578
5.0,1995.0,7.4108944,0.4856553
5.0,1996.0,7.400499,0.47525978
5.0,1997.0,7.421457,0.49621773
5.0,1998.0,7.443533,0.51829386
5.0,1999.0,7.4910736,0.5658345
5.0,2000.0,7.497481,0.5722418
5.0,2001.0,7.5104837,0.58524466
5.0,2002.0,7.5255117,0.60027266
5.0,2003.0,7.526416,0.60117674
5.0,2004.0,7.5441895,0.61895037
5.0,2005.0,7.56709,0.64185095
5.0,2006.0,7.5568433,0.6316042
5.0,2007.0,7.535466,0.6102271
5.0,2008.0,7.5795007,0.6542616
5.0,2009.0,7.5393653,0.6141262
5.0,2010.0,7.5460033,0.62076426
5.0,2011.0,7.5582867,0.6330476
5.0,2012.0,7.5514874,0.62624836
5.0,2013.0,7.5420213,0.6167822
5.0,2014.0,7.522461,0.59722185
5.0,2015.0,7.546742,0.6215029
5.0,2016.0,7.5671287,0.6418896
5.0,2017.0,7.582909,0.65767
