year,share,quarters
1947,65.4,4
1948,64.94999999999999,4
1949,64.275,4
1950,63.125,4
1951,62.8,4
1952,63.7,4
1953,64.4,4
1954,64.575,4
1955,63.05,4
1956,65.0,4
1957,65.0,4
1958,65.1,4
1959,64.25,4
1960,65.475,4
1961,65.025,4
1962,64.1,4
1963,63.599999999999994,4
1964,62.925,4
1965,62.2,4
1966,62.175,4
1967,62.625,4
1968,62.65,4
1969,63.95,4
1970,64.55,4
1971,63.225,4
1972,63.125,4
1973,63.675,4
1974,64.15,4
1975,62.4,4
1976,61.575,4
1977,61.7,4
1978,62.025,4
1979,62.775,4
1980,63.525,4
1981,62.625,4
1982,63.824999999999996,4
1983,61.900000000000006,4
1984,61.45,4
1985,61.375,4
1986,62.15,4
1987,62.925,4
1988,63.15,4
1989,62.15,4
1990,62.65,4
1991,62.65,4
1992,62.625,4
1993,61.875,4
1994,60.95,4
1995,60.675000000000004,4
1996,60.675,4
1997,60.725,4
1998,61.95,4
1999,61.925,4
2000,63.15,4
2001,63.15,4
2002,61.375,4
2003,60.65,4
2004,60.225,4
2005,59.15,4
2006,59.25,4
2007,59.625,4
2008,59.85,4
2009,58.3,4
2010,56.975,4
2011,57.15,4
2012,57.025,4
2013,56.675,4
2014,56.825,4
2015,57.425,4
2016,58.23333333333333,3
