year,rate,months,group
1948,86.58333333333333,12,men
1949,86.59166666666665,12,men
1950,86.25,12,men
1951,86.48333333333333,12,men
1952,86.25833333333333,12,men
1953,86.00833333333333,12,men
1954,85.61666666666667,12,men
1955,85.3,12,men
1956,85.51666666666667,12,men
1957,84.79166666666667,12,men
1958,84.3,12,men
1959,83.73333333333333,12,men
1960,83.38333333333334,12,men
1961,82.86666666666666,12,men
1962,82.01666666666667,12,men
1963,81.34166666666667,12,men
1964,81.0,12,men
1965,80.68333333333334,12,men
1966,80.39999999999999,12,men
1967,80.425,12,men
1968,80.075,12,men
1969,79.825,12,men
1970,79.7,12,men
1971,79.125,12,men
1972,78.91666666666667,12,men
1973,78.8,12,men
1974,78.73333333333333,12,men
1975,77.88333333333334,12,men
1976,77.50833333333334,12,men
1977,77.64166666666667,12,men
1978,77.83333333333333,12,men
1979,77.825,12,men
1980,77.45833333333333,12,men
1981,76.98333333333333,12,men
1982,76.64999999999999,12,men
1983,76.34166666666667,12,men
1984,76.33333333333333,12,men
1985,76.25,12,men
1986,76.24166666666666,12,men
1987,76.175,12,men
1988,76.16666666666667,12,men
1989,76.40833333333333,12,men
1990,76.375,12,men
1991,75.77499999999999,12,men
1992,75.81666666666666,12,men
1993,75.425,12,men
1994,75.02499999999999,12,men
1995,74.99166666666666,12,men
1996,74.925,12,men
1997,74.97500000000001,12,men
1998,74.875,12,men
1999,74.71666666666667,12,men
2000,74.8,12,men
2001,74.48333333333333,12,men
2002,74.09166666666667,12,men
2003,73.50833333333334,12,men
2004,73.30833333333334,12,men
2005,73.29166666666667,12,men
2006,73.45,12,men
2007,73.23333333333333,12,men
2008,72.96666666666667,12,men
2009,71.96666666666667,12,men
2010,71.175,12,men
2011,70.45833333333333,12,men
2012,70.15833333333333,12,men
2013,69.73333333333333,12,men
2014,69.20833333333333,12,men
2015,69.05,12,men
2016,69.175,12,men
2017,69.08333333333333,12,men
2018,69.05,12,men
2019,69.14999999999999,12,men
2020,67.66666666666667,12,men
2021,67.60833333333333,12,men
2022,67.96666666666667,12,men
2023,68.125,12,men
2024,67.95833333333333,12,men
2025,67.85999999999999,5,men
1948,32.666666666666664,12,women
1949,33.199999999999996,12,women
1950,33.824999999999996,12,women
1951,34.641666666666666,12,women
1952,34.71666666666667,12,women
1953,34.458333333333336,12,women
1954,34.56666666666667,12,women
1955,35.625,12,women
1956,36.84166666666667,12,women
1957,36.85,12,women
1958,37.05,12,women
1959,37.13333333333333,12,women
1960,37.75833333333333,12,women
1961,38.108333333333334,12,women
1962,37.90833333333333,12,women
1963,38.291666666666664,12,women
1964,38.708333333333336,12,women
1965,39.24166666666667,12,women
1966,40.25833333333333,12,women
1967,41.11666666666667,12,women
1968,41.608333333333334,12,women
1969,42.699999999999996,12,women
1970,43.35,12,women
1971,43.35833333333333,12,women
1972,43.88333333333333,12,women
1973,44.73333333333333,12,women
1974,45.666666666666664,12,women
1975,46.35,12,women
1976,47.300000000000004,12,women
1977,48.43333333333334,12,women
1978,49.958333333333336,12,women
1979,50.94166666666666,12,women
1980,51.475,12,women
1981,52.11666666666667,12,women
1982,52.63333333333333,12,women
1983,52.90833333333333,12,women
1984,53.56666666666666,12,women
1985,54.458333333333336,12,women
1986,55.300000000000004,12,women
1987,55.99166666666667,12,women
1988,56.59166666666667,12,women
1989,57.4,12,women
1990,57.525,12,women
1991,57.39166666666667,12,women
1992,57.833333333333336,12,women
1993,57.93333333333334,12,women
1994,58.791666666666664,12,women
1995,58.949999999999996,12,women
1996,59.275,12,women
1997,59.80833333333334,12,women
1998,59.85,12,women
1999,60.041666666666664,12,women
2000,59.94166666666666,12,women
2001,59.791666666666664,12,women
2002,59.61666666666667,12,women
2003,59.49166666666667,12,women
2004,59.15,12,women
2005,59.23333333333333,12,women
2006,59.35833333333333,12,women
2007,59.300000000000004,12,women
2008,59.48333333333333,12,women
2009,59.208333333333336,12,women
2010,58.625,12,women
2011,58.11666666666667,12,women
2012,57.675000000000004,12,women
2013,57.199999999999996,12,women
2014,56.98333333333333,12,women
2015,56.699999999999996,12,women
2016,56.791666666666664,12,women
2017,57.041666666666664,12,women
2018,57.09166666666667,12,women
2019,57.43333333333334,12,women
2020,56.208333333333336,12,women
2021,56.074999999999996,12,women
2022,56.76666666666667,12,women
2023,57.333333333333336,12,women
2024,57.5,12,women
2025,57.44,5,women
