left,right,actual,counterfactual
0.0,0.5,66,0
0.5,1.0,141,0
1.0,1.5,401,0
1.5,2.0,347,0
2.0,2.5,1302,0
2.5,3.0,966,0
3.0,3.5,4908,0
3.5,4.0,5868,0
4.0,4.5,9073,0
4.5,5.0,6071,29143
5.0,5.5,11395,11395
5.5,6.0,6312,6312
6.0,6.5,9908,9908
6.5,7.0,6201,6201
7.0,7.5,7778,7778
7.5,8.0,6904,6904
8.0,8.5,7971,7971
8.5,9.0,5292,5292
9.0,9.5,5761,5761
9.5,10.0,3228,3228
10.0,10.5,8682,8682
10.5,11.0,3352,3352
11.0,11.5,4962,4962
11.5,12.0,2640,2640
12.0,12.5,4370,4370
12.5,13.0,4545,4545
13.0,13.5,3519,3519
13.5,14.0,2218,2218
14.0,14.5,3312,3312
14.5,15.0,1359,1359
15.0,15.5,4308,4308
15.5,16.0,1453,1453
16.0,16.5,2372,2372
16.5,17.0,1466,1466
17.0,17.5,1522,1522
17.5,18.0,1527,1527
18.0,18.5,1461,1461
18.5,19.0,1085,1085
19.0,19.5,1008,1008
19.5,20.0,410,410
20.0,20.5,2236,2236
20.5,21.0,427,427
21.0,21.5,702,702
21.5,22.0,513,513
22.0,22.5,602,602
22.5,23.0,662,662
23.0,23.5,423,423
23.5,24.0,246,246
24.0,24.5,500,500
24.5,25.0,123,123
25.0,25.5,1325,1325
25.5,26.0,160,160
26.0,26.5,272,272
26.5,27.0,178,178
27.0,27.5,179,179
27.5,28.0,256,256
28.0,28.5,173,173
28.5,29.0,218,218
29.0,29.5,102,102
29.5,30.0,45,45
30.0,30.5,519,519
30.5,31.0,65,65
31.0,31.5,192,192
31.5,32.0,54,54
32.0,32.5,97,97
32.5,33.0,110,110
33.0,33.5,136,136
33.5,34.0,75,75
34.0,34.5,77,77
34.5,35.0,43,43
35.0,35.5,117,117
35.5,36.0,35,35
36.0,36.5,100,100
36.5,37.0,27,27
37.0,37.5,23,23
37.5,38.0,285,285
38.0,38.5,63,63
38.5,39.0,21,21
39.0,39.5,24,24
39.5,40.0,8,8
40.0,40.5,106,106
40.5,41.0,25,25
41.0,41.5,34,34
41.5,42.0,24,24
42.0,42.5,21,21
42.5,43.0,38,38
43.0,43.5,14,14
43.5,44.0,26,26
44.0,44.5,30,30
44.5,45.0,6,6
45.0,45.5,58,58
45.5,46.0,11,11
46.0,46.5,7,7
46.5,47.0,21,21
47.0,47.5,5,5
47.5,48.0,13,13
48.0,48.5,165,165
48.5,49.0,1,1
49.0,49.5,3,3
49.5,50.0,16,16
50.0,50.5,61,61
50.5,51.0,3,3
51.0,51.5,4,4
51.5,52.0,5,5
52.0,52.5,45,45
52.5,53.0,4,4
53.0,53.5,10,10
53.5,54.0,6,6
54.0,54.5,8,8
54.5,55.0,5,5
55.0,55.5,14,14
55.5,56.0,9,9
56.0,56.5,8,8
56.5,57.0,5,5
57.0,57.5,2,2
57.5,58.0,158,158
58.0,58.5,9,9
58.5,59.0,7,7
59.0,59.5,1,1
59.5,60.0,0,0
60.0,60.5,28,28
60.5,61.0,1,1
61.0,61.5,2,2
61.5,62.0,1,1
62.0,62.5,1,1
62.5,63.0,34,34
63.0,63.5,1,1
63.5,64.0,1,1
64.0,64.5,52,52
64.5,65.0,3,3
65.0,65.5,2,2
65.5,66.0,3,3
66.0,66.5,0,0
66.5,67.0,10,10
67.0,67.5,2,2
67.5,68.0,1,1
68.0,68.5,1,1
68.5,69.0,6,6
69.0,69.5,1,1
69.5,70.0,10,10
70.0,70.5,3,3
70.5,71.0,2,2
71.0,71.5,2,2
71.5,72.0,1,1
72.0,72.5,161,161
72.5,73.0,2,2
73.0,73.5,0,0
73.5,74.0,0,0
74.0,74.5,1,1
74.5,75.0,0,0
75.0,75.5,16,16
75.5,76.0,5,5
76.0,76.5,1,1
76.5,77.0,1,1
77.0,77.5,2,2
77.5,78.0,0,0
78.0,78.5,3,3
78.5,79.0,2,2
79.0,79.5,0,0
79.5,80.0,0,0
80.0,80.5,9,9
80.5,81.0,0,0
81.0,81.5,2,2
81.5,82.0,0,0
82.0,82.5,200,200
