year,p10,p90,ratio,observations
1979,2.9000000953674316,10.40625,3.588361978530884,163423
1980,3.0999999046325684,11.363636016845703,3.66568922996521,189619
1981,3.3499999046325684,12.5,3.7313435077667236,178022
1982,3.3499999046325684,13.449999809265137,4.014925479888916,167482
1983,3.4000000953674316,14.0,4.117647171020508,165855
1984,3.5,15.0,4.285714149475098,169415
1985,3.5,15.333333015441895,4.38095235824585,172421
1986,3.6000001430511475,16.0,4.444444179534912,171452
1987,3.75,16.93220329284668,4.515254020690918,172434
1988,3.950000047683716,17.39130401611328,4.402861595153809,165577
1989,4.0,18.0,4.5,168438
